metric,value
test_accuracy,0.5922233300099701
test_f1_weighted,0.5846854325684627
cv_best_f1_weighted,0.5630413353718475
