model,val_accuracy,val_f1_weighted
random_forest,0.5878243512974052,0.5867335391630187
svm_rbf,0.5469061876247505,0.547315598242476
logistic_regression,0.5219560878243513,0.5092148012976577
