metric,value
test_mae,0.5834355532047715
test_mse,0.4747389019028758
test_rmse,0.6890129910987716
test_r2,0.9304091183664869
cv_best_rmse,0.6644621928023128
