model,mae,mse,rmse,r2
gradient_boosting,0.5867147774665209,0.47675995156165946,0.6904780601595242,0.9299528836048092
random_forest,0.5952026666666669,0.49843718748444454,0.7060008409941482,0.9267679938865441
linear_regression,0.6150641489504813,0.5023370275968388,0.7087573827459146,0.9261950167449433
