{
  "mae": 0.5936733957750205,
  "mse": 0.4910652524072275,
  "rmse": 0.7007604814822448,
  "r2": 0.9299866130731048,
  "cv_best_score_rmse": 0.6792616766453441
}